,coef,p_value
const,2.4256031344818614,0.4228682208056229
dti,-0.037712331904443265,0.20652119374491418
regime,17.74604243244237,0.03698646467216982
dti_x_regime,-0.16106922300896265,0.048969947299028885
