regime,prob,dti_threshold
0,0.1,122.58132760211043
0,0.2,101.07827607320762
1,0.1,112.52990829055983
1,0.2,108.45040394937692
