name,n,mean,std,sharpe,min,p05,p50,p95,max
baseline_hold,80,0.007450518436826803,0.06124983712316533,0.12164144080652484,-0.14513387388149468,-0.11550875998120178,0.021260639353763544,0.09807881686911243,0.12944336249041122
filter_strategy,80,0.011735524459041923,0.05483699638907208,0.21400742622330385,-0.13428687728135102,-0.07599880915468801,0.019924976775264724,0.09807881686911243,0.12944336249041122
