name,n,mean,std,p05,min
baseline,72,0.009000443116316635,0.0622626718581706,-0.12062623944956997,-0.14513387388149468
dti+dr4_filter,72,0.011821240019479028,0.05819525409138816,-0.0905717424633837,-0.14513387388149468
