name,mean,std,p05
baseline,0.007450518436826803,0.06124983712316533,-0.11550875998120178
tail_filter,0.012898633169014151,0.05328975321924395,-0.07076573660039362
